Section Heading,Keywords,Categorisation
Job Responsibilities,Responsibilities,A
Job Responsibilities,Responsible,A
Job Responsibilities,Description,A
Job Responsibilities,Day-to-day,A
Job Responsibilities,Tasks,A
Job Responsibilities,Duties,A
Job Responsibilities,What you√ïll do,A
Job Responsibilities,Role,A
Job Responsibilities,The opportunity,A
Job Responsibilities,Scope,A
Benefits,Benefits,I
Benefits,What you'll get,I
Benefits,We offer,I
Benefits,What's on offer,I
Benefits,Perks,I
Benefits,in it for you,I
Benefits,What we are offering,I
Amount of Experience,Years,C
Amount of Experience,Years',C
Amount of Experience,Yrs,C
Amount of Experience,Yrs',C
Amount of Experience,Months,C
Amount of Experience,Months',C
Amount of Experience,Min,C
Amount of Experience,Min.,C
Amount of Experience,Minimum,C
Amount of Experience,At least,C
Amount of Experience,experience,C
Education Level,PhD,D
Education Level,Doctorate,D
Education Level,Doctorate,D
Education Level,Doctoral,D
Education Level,Post-grad,D
Education Level,Postgrad,D
Education Level,Post-graduate,D
Education Level,Postgraduate,D
Education Level,Masters,D
Education Level,Master's,D
Education Level,MSc,D
Education Level, MA ,D
Education Level,Degree,D
Education Level,Diploma,D
Education Level,Undergraduate,D
Education Level,Undergrad,D
Education Level, BSc ,D
Education Level,Bachelor,D
Education Level,Bachelors,D
Education Level,Bachelor's,D
Education Level,Certificate,D
Education Level,Certification,D
Education Level,Certifications,D
Education Level,Certified,D
Education Level,Qualifications,D
Education Level,Qualification,D
Education Level,Qualified in,D
Education Level, Level ,D
Education Level,Chartered Accountant,D
Licenses/Tickets, Ticket ,E
Licenses/Tickets,Tickets,E
Licenses/Tickets,Card,E
Licenses/Tickets,Cards,E
Licenses/Tickets,License,E
Licenses/Tickets,Licenses,E
Licenses/Tickets,AHPRA,E
Licenses/Tickets,OH&S,E
Programs,Shexie,F
Programs,Best Practice,F
Programs,Software,F
Programs,Healthtrack,F
Programs,HICAPS,F
Programs,Dental for Windows,F
Programs,XERO,F
Programs,Microsoft Office,F
Programs,Microsoft Excel,F
Programs,Excel,F
Programs,XPlan,F
Programs,Property Me,F
Programs,CargoWise,F
Programs,Abode,F
Programs,Photoshop,F
Programs,Illustrator,F
Programs,Python,F
Programs, C ,F
Programs,C#,F
Programs,Java,F
Programs,JavaScript,F
Programs,NetLinx,F
Programs,HTML,F
Programs,SQL,F
Programs,PHP,F
Programs,Kotlin,F
Programs,Scala,F
Programs,Swift,F
Programs,Ruby,F
Programs,Matlab,F
Programs,Latex,F
Programs,Tableau,F
Programs,Excel,F
Programs,PowerPoint,F
Programs,Power Point,F
Programs,Bootstrap,F
Programs,JQuery,F
Programs,CSS,F
Programs,Anaconda,F
Programs,PyCharm,F
Programs,Pandas,F
Programs,Data Analysis,F
Programs,Dask,F
Programs,Artificial Intelligence,F
Programs, AI ,F
Programs,Linux,F
Programs,Windows,F
Programs,Ubuntu,F
Programs,Web Scrapping,F
Programs,Data Wrangling,F
Programs, R ,F
Programs,Numpy,F
Programs,Sklearn,F
Programs,Machine Learning,F
Programs,Neural Network,F
Programs,Deep Learning,F
Programs,Reinforcment Learning,F
Programs,Arduino,F
Programs,Raspberry Pi,F
Programs,AWS,F
Programs,Network,F
Programs,Cyber,F
Programs,AWS,F
Programs,Django,F
Programs,Flask,F
Programs,Docker,F
Programs,Kubernetes,F
Programs,Big Data,F
Programs,Spark,F
Programs,Natural Language Processing,F
Programs,NLP,F
Programs,IoT,F
Programs,Internt of Things,F
Programs,Developer,F
Programs,Junir Developer,F
Programs,OSX,F
Programs, ML ,F
Programs,DevOps,F
Programs,Wordpress,F
Programs,Bash,F
Programs,Pyspark,F
Programs,Data Modeling,F
Programs,Image Processing,F
Programs,OpenCV,F
Programs,Visualisation,F
Programs,Computer Vision,F
Programs,Algorithm,F
Programs,Algorithms,F
Programs,Data Science,F
Programs,Mathematics,F
Programs,Software,F
Programs,Programming,F
Programs,Data Mining,F
Programs,Android Studio,F
Programs,Android,F
Programs,Scikit-Learn,F
Programs,Classification,F
Programs,Regression,F
Programs,Clustering,F
Programs,Infographics,F
Programs,API,F
Programs,APIs,F
Programs,HDFS,F
Programs,MapReduce,F
Programs,Apache Spark,F
Programs,Algorithms,F
Programs,Data,F
Programs,PowerBI,F
Programs,Tableau,F
Programs,Looker,F
Programs,Colab,F
Programs,A/B Testing,F
Programs,Data Engineer,F
Programs,GIT,F
Programs,GitHub,F
Programs,Jupyter,F
Programs,BlockChain,F
Programs,Visualisation Libraries,F
Programs,testing,F
Programs,statistics,F
Programs,Google cloud,F
Programs,cloud,F
Programs,MySQl,F
Programs,GCP,F
Programs,Azure,F
Programs,Google,F
Programs,Amazon,F
Programs,Unix,F
Programs,Kafka,F
Programs,Cassandra,F
Programs,Tomcat,F
Programs,Terraform,F
Programs,VueJS,F
Programs,Postgres,F
Programs,React,F
Programs,TypeScript,F
Programs,OpenAPI,F
Programs,Gitlab,F
Programs,Golang,F
Programs,CaaS,F
Programs,SaaS,F
Programs,Airflow,F
Programs,Dataflow,F
Programs,BigQuery,F
Programs,DataFusion,F
Programs,CloudSQL,F
Programs,cloud,F
Programs,wrangling,F
Programs,Scala,F
Programs,Snowflake,F
Programs,NoSQL,F
Programs,Jenkins,F
Programs,Scrum,F
Programs,Agile,F
Programs,Hacking,F
Programs,UX,F
Programs,UI,F
Programs,Rust,F
Programs,JS,F
Programs,QA,F
Programs,IT,F
Programs,Full Stack,F
Programs,S3,F
Programs,Redshift,F
Programs,MongoDB,F
Programs,Firebase,F
Programs,DynamoDB,F
Programs,DB2,F
Programs,Redis,F
Programs,Kinesis,F
Programs,Lambda,F
Programs,Athena,F
Programs,Angular,F
Programs,Vue,F
Programs,Microsoft,F
Checks/Trainings,Check,G
Checks/Trainings,Permit,G
Checks/Trainings,Working with Children Certificate,G
Checks/Trainings,WWCC,G
Checks/Trainings,Police Check,G
Checks/Trainings,First-aid Certificate,G
Checks/Trainings,First aid certificate,G
Checks/Trainings,Asthma,G
Checks/Trainings,Anaphylaxis,G
Checks/Trainings,CPR,G
Working Rights,Working Rights,H
Working Rights,Australian Citizen,H
Working Rights, PR ,H
Working Rights,Permanent Residency,H